id,first_name,last_name,email,gender,ip_address
1,Esma,Loadsman,eloadsman0@patch.com,Female,10.81.192.122
2,Audrie,Haig,ahaig1@a8.net,Female,226.254.205.134
3,Karil,Bonde,kbonde2@feedburner.com,Female,224.229.235.205
4,Pauline,Fist,pfist3@com.com,Female,57.225.170.110
5,Shepherd,Heselwood,sheselwood4@scientificamerican.com,Male,139.151.230.142
6,Cad,O' Hern,cohern5@simplemachines.org,Male,107.200.64.66
7,Judi,Greedy,jgreedy6@cnbc.com,Female,97.38.216.80
8,Wendell,Olivi,wolivi7@cam.ac.uk,Male,99.106.143.80
9,Harvey,Harbach,hharbach8@latimes.com,Male,71.115.104.50
10,Noby,Walkley,nwalkley9@illinois.edu,Male,132.87.57.169
11,Renell,Castellucci,rcastelluccia@bbb.org,Female,18.210.252.195
12,Loy,Ugoletti,lugolettib@scientificamerican.com,Male,186.46.87.225
13,Zacharia,Hourstan,zhourstanc@dot.gov,Male,123.220.235.153
14,Lacey,Ettery,letteryd@blogs.com,Female,192.1.125.62
15,Alexis,Bell,abelle@unesco.org,Female,35.179.243.167
16,Asia,Wilfinger,awilfingerf@ebay.co.uk,Female,33.143.160.19
17,Denna,Byre,dbyreg@edublogs.org,Female,12.21.165.182
18,Cleve,Ottam,cottamh@indiatimes.com,Male,247.203.194.148
19,Haze,Alessandone,halessandonei@exblog.jp,Male,179.125.102.160
20,Pernell,Jorez,pjorezj@state.tx.us,Male,192.76.135.47
21,Dulsea,Le Grand,dlegrandk@freewebs.com,Female,20.176.233.165
22,Sashenka,Farleigh,sfarleighl@buzzfeed.com,Female,13.86.133.10
23,Lucien,Goodfellowe,lgoodfellowem@accuweather.com,Male,126.144.211.221
24,Dilly,Martinek,dmartinekn@state.gov,Male,242.92.141.120
25,Dietrich,Sibun,dsibuno@forbes.com,Male,94.230.25.146
26,Livvie,Mansford,lmansfordp@va.gov,Female,218.70.98.52
27,Coriss,Delahunty,cdelahuntyq@eventbrite.com,Female,136.128.249.229
28,Dur,Barstock,dbarstockr@google.pl,Male,251.40.100.75
29,Madlin,Blethin,mblethins@constantcontact.com,Female,243.5.170.3
30,Hector,Denington,hdeningtont@spotify.com,Male,7.46.52.44
31,Aurelie,Butts,abuttsu@webs.com,Female,198.239.101.2
32,Blaire,Holberry,bholberryv@wikipedia.org,Female,77.133.131.224
33,Merwyn,Malser,mmalserw@goodreads.com,Male,231.50.210.113
34,Doloritas,Raggett,draggettx@4shared.com,Female,154.109.180.74
35,Gwynne,Lehemann,glehemanny@admin.ch,Female,206.100.60.31
36,Rhodie,Sisley,rsisleyz@nifty.com,Female,23.19.246.155
37,Dan,Jerg,djerg10@indiegogo.com,Male,55.69.251.91
38,Alejandrina,Conrart,aconrart11@behance.net,Female,106.138.56.249
39,Marti,Parlour,mparlour12@irs.gov,Female,51.71.159.108
40,Stanleigh,Yarnold,syarnold13@networksolutions.com,Male,37.44.78.24
41,Dani,Pioch,dpioch14@disqus.com,Female,145.191.220.93
42,Donna,Jorissen,djorissen15@sohu.com,Female,41.192.178.239
43,Jerry,Wolford,jwolford16@ucla.edu,Female,79.37.163.136
44,Pennie,Kryska,pkryska17@a8.net,Female,66.187.172.224
45,Nedi,Chace,nchace18@feedburner.com,Female,111.75.46.25
46,Astrid,Colley,acolley19@moonfruit.com,Female,39.116.81.235
47,Emyle,Radki,eradki1a@bing.com,Female,5.64.40.49
48,Cherye,L'Episcopio,clepiscopio1b@ca.gov,Female,118.236.85.38
49,Renata,Hovenden,rhovenden1c@telegraph.co.uk,Female,139.135.87.231
50,Rogerio,MacAndie,rmacandie1d@fotki.com,Male,50.133.201.74
51,Aimee,Collingwood,acollingwood1e@springer.com,Female,249.158.64.1
52,Meridel,Clayfield,mclayfield1f@webs.com,Female,109.80.62.134
53,Minna,Skerm,mskerm1g@ox.ac.uk,Female,99.99.115.110
54,Agretha,Konzelmann,akonzelmann1h@washingtonpost.com,Female,138.111.76.230
55,Cherrita,Bes,cbes1i@usnews.com,Female,230.38.150.228
56,Cody,Deal,cdeal1j@state.tx.us,Male,171.184.1.208
57,Boycie,Roderick,broderick1k@nytimes.com,Male,243.42.196.9
58,Traver,Betterton,tbetterton1l@wix.com,Male,176.131.128.31
59,Edith,Seleway,eseleway1m@vimeo.com,Female,50.234.94.249
60,Gustave,Pessel,gpessel1n@pagesperso-orange.fr,Male,50.104.61.89
61,Dannye,Jerdein,djerdein1o@miitbeian.gov.cn,Female,77.58.154.46
62,Leonie,Wannes,lwannes1p@va.gov,Female,31.52.62.230
63,Noelani,Bleckly,nbleckly1q@admin.ch,Female,35.48.201.125
64,Maddie,Razzell,mrazzell1r@goo.ne.jp,Female,22.96.32.164
65,Lacee,Hefner,lhefner1s@163.com,Female,223.236.72.94
66,Annabela,Dillon,adillon1t@virginia.edu,Female,232.104.205.173
67,Sal,Duesbury,sduesbury1u@usda.gov,Female,20.246.94.158
68,Pen,Greer,pgreer1v@wikispaces.com,Female,117.73.122.104
69,Lenna,Tripean,ltripean1w@ehow.com,Female,58.80.68.180
70,Lotti,Ary,lary1x@scientificamerican.com,Female,234.165.111.43
71,Bert,Oels,boels1y@wired.com,Male,218.232.46.16
72,Heida,Stride,hstride1z@smugmug.com,Female,86.6.98.202
73,Bethena,Piddlehinton,bpiddlehinton20@npr.org,Female,7.147.231.227
74,Brnaby,Longmaid,blongmaid21@seesaa.net,Male,17.106.103.39
75,Brittany,Atton,batton22@jiathis.com,Female,195.135.143.130
76,Beverie,Korpal,bkorpal23@jigsy.com,Female,65.71.214.164
77,Pen,Leopold,pleopold24@alexa.com,Female,14.153.237.142
78,Kylen,Formoy,kformoy25@jugem.jp,Female,46.231.92.7
79,Daron,Garken,dgarken26@furl.net,Male,202.27.86.177
80,Swen,Praundlin,spraundlin27@prlog.org,Male,19.91.46.170
81,Pat,O' Faherty,pofaherty28@eventbrite.com,Male,3.232.1.3
82,Quinton,Antrack,qantrack29@unblog.fr,Male,215.105.78.37
83,Edin,Littledike,elittledike2a@msn.com,Female,82.182.19.241
84,Eirena,Stanlike,estanlike2b@java.com,Female,108.146.203.89
85,Dody,Griffoen,dgriffoen2c@twitpic.com,Female,227.50.211.44
86,Marcello,Tapsell,mtapsell2d@columbia.edu,Male,199.95.224.173
87,Thibaut,Stillert,tstillert2e@dot.gov,Male,139.146.75.6
88,Elaina,Arend,earend2f@intel.com,Female,164.115.28.109
89,Charlotta,Wands,cwands2g@wikispaces.com,Female,164.193.146.107
90,Georgina,Batkin,gbatkin2h@craigslist.org,Female,223.177.227.245
91,Matthiew,Boutwell,mboutwell2i@sohu.com,Male,23.122.202.240
92,Rice,Sibun,rsibun2j@illinois.edu,Male,159.242.128.44
93,Fletcher,Meneghelli,fmeneghelli2k@psu.edu,Male,226.41.155.245
94,Sibilla,Melrose,smelrose2l@cargocollective.com,Female,100.154.173.53
95,Jodi,Ashton,jashton2m@indiatimes.com,Female,83.131.167.218
96,Meara,Samworth,msamworth2n@ovh.net,Female,8.165.78.8
97,Dinah,Crichmere,dcrichmere2o@ning.com,Female,124.173.14.184
98,Ginny,Collett,gcollett2p@seesaa.net,Female,107.144.7.240
99,Monica,Bau,mbau2q@flavors.me,Female,66.201.13.55
100,Laurens,Giacopelo,lgiacopelo2r@kickstarter.com,Male,174.44.82.89
101,Xenos,Harp,xharp2s@flickr.com,Male,116.74.178.41
102,Stu,Bennoe,sbennoe2t@chron.com,Male,119.38.96.150
103,Betsey,Furmston,bfurmston2u@constantcontact.com,Female,194.137.250.28
104,Jehu,McAree,jmcaree2v@blogger.com,Male,62.76.127.99
105,Savina,Burdin,sburdin2w@cnn.com,Female,156.248.250.158
106,Pren,O'Fairy,pofairy2x@un.org,Male,241.10.177.63
107,Norean,Cuerdale,ncuerdale2y@oakley.com,Female,32.57.154.217
108,Jazmin,Bottelstone,jbottelstone2z@archive.org,Female,50.122.30.74
109,Waldemar,Hasell,whasell30@free.fr,Male,128.31.195.141
110,Keen,Stollenhof,kstollenhof31@salon.com,Male,94.179.250.252
111,Rosalind,Adriano,radriano32@cdbaby.com,Female,180.138.48.235
112,Ronnica,Spear,rspear33@digg.com,Female,146.0.241.9
113,Ephrem,Schout,eschout34@telegraph.co.uk,Male,245.102.77.188
114,Lane,Aitken,laitken35@google.nl,Male,153.200.27.8
115,Gerri,Iacopetti,giacopetti36@cyberchimps.com,Female,176.153.22.138
116,Zacharias,Fabry,zfabry37@people.com.cn,Male,51.1.30.81
117,Tomasina,Folini,tfolini38@accuweather.com,Female,24.15.193.78
118,Jonathan,Ferrick,jferrick39@theatlantic.com,Male,42.138.126.55
119,Temp,Petrakov,tpetrakov3a@virginia.edu,Male,125.182.142.195
120,Vilma,Antunez,vantunez3b@umn.edu,Female,89.50.244.47
121,Zebadiah,Soeiro,zsoeiro3c@cornell.edu,Male,169.172.255.202
122,Nelly,Champe,nchampe3d@drupal.org,Female,28.46.97.91
123,Samson,McGarrie,smcgarrie3e@livejournal.com,Male,44.68.193.199
124,Pierette,Zecchi,pzecchi3f@livejournal.com,Female,200.204.170.72
125,Constantino,Bedells,cbedells3g@simplemachines.org,Male,13.112.38.124
126,Horacio,Rolin,hrolin3h@apache.org,Male,216.54.131.206
127,Johna,Huby,jhuby3i@archive.org,Female,133.3.160.255
128,Livvy,Strethill,lstrethill3j@seesaa.net,Female,183.57.9.93
129,Camile,Turbayne,cturbayne3k@netvibes.com,Female,22.178.116.14
130,Gail,Clemensen,gclemensen3l@bluehost.com,Male,184.6.33.129
131,Isidro,Joesbury,ijoesbury3m@shinystat.com,Male,87.185.11.78
132,Courtney,Waple,cwaple3n@cam.ac.uk,Male,208.3.186.173
133,Kai,Burgoyne,kburgoyne3o@over-blog.com,Female,25.43.199.138
134,Nicoli,Fisbburne,nfisbburne3p@nbcnews.com,Female,11.92.124.216
135,Sylvan,Byrne,sbyrne3q@zdnet.com,Male,89.103.110.24
136,Hurlee,Groveham,hgroveham3r@admin.ch,Male,62.233.124.86
137,Wendall,Bodycomb,wbodycomb3s@miibeian.gov.cn,Male,125.108.149.194
138,Harli,Jorioz,hjorioz3t@google.fr,Female,72.74.35.182
139,Regan,Kinvan,rkinvan3u@dmoz.org,Male,164.82.70.253
140,Adam,Normanton,anormanton3v@adobe.com,Male,12.62.163.227
141,Pansie,Camies,pcamies3w@tripod.com,Female,206.61.245.202
142,Templeton,Tomlett,ttomlett3x@theguardian.com,Male,95.189.204.205
143,Perrine,MacGebenay,pmacgebenay3y@devhub.com,Female,45.68.116.249
144,Quinton,Eat,qeat3z@mac.com,Male,96.78.141.175
145,Eward,Swatradge,eswatradge40@taobao.com,Male,82.133.95.165
146,Gregorio,Janusik,gjanusik41@google.com.hk,Male,148.33.188.21
147,Rycca,Maase,rmaase42@umn.edu,Female,58.51.134.6
148,Xylina,Carpe,xcarpe43@wordpress.org,Female,21.24.239.101
149,Emmerich,Wolfers,ewolfers44@umich.edu,Male,141.206.203.65
150,Torre,Gookes,tgookes45@cocolog-nifty.com,Male,34.231.47.181
151,Tallia,Van Merwe,tvanmerwe46@sakura.ne.jp,Female,25.209.66.216
152,Nelson,Fortie,nfortie47@1688.com,Male,134.44.204.223
153,Alayne,Gollop,agollop48@infoseek.co.jp,Female,178.96.104.248
154,Rriocard,Fontanet,rfontanet49@cisco.com,Male,178.232.80.61
155,Nick,Masden,nmasden4a@webnode.com,Male,183.222.68.240
156,Michell,Gore,mgore4b@lycos.com,Female,75.227.248.189
157,Aurea,O'Cahsedy,aocahsedy4c@hp.com,Female,58.244.145.157
158,Abagael,Dunbar,adunbar4d@archive.org,Female,108.148.245.108
159,Jacinda,Lindsell,jlindsell4e@ftc.gov,Female,233.87.105.57
160,Quint,Elverstone,qelverstone4f@discuz.net,Male,201.68.230.45
161,Ingelbert,Popeley,ipopeley4g@house.gov,Male,111.41.185.253
162,Joscelin,Brauns,jbrauns4h@geocities.jp,Female,235.16.163.200
163,Stevie,Baggalley,sbaggalley4i@whitehouse.gov,Male,107.78.251.154
164,Kara-lynn,Whitton,kwhitton4j@ca.gov,Female,202.155.110.185
165,Avigdor,Derdes,aderdes4k@yandex.ru,Male,212.124.189.221
166,Harv,Demcak,hdemcak4l@baidu.com,Male,53.97.55.142
167,Wyn,Urey,wurey4m@forbes.com,Male,60.43.7.75
168,Cassaundra,Flory,cflory4n@addthis.com,Female,252.62.89.178
169,Salaidh,Frantzen,sfrantzen4o@howstuffworks.com,Female,87.94.109.192
170,Aharon,Harvard,aharvard4p@china.com.cn,Male,171.116.145.25
171,Brannon,Rafe,brafe4q@jiathis.com,Male,173.64.254.118
172,Doy,Fassman,dfassman4r@tripod.com,Male,251.77.175.153
173,Eamon,Holdren,eholdren4s@jimdo.com,Male,81.56.246.190
174,Meade,Jowett,mjowett4t@123-reg.co.uk,Female,126.171.67.40
175,Hervey,Leer,hleer4u@eepurl.com,Male,132.125.3.165
176,Claude,Boshers,cboshers4v@mediafire.com,Female,140.242.30.5
177,Brucie,Mussett,bmussett4w@latimes.com,Male,65.72.47.188
178,Ki,Silverwood,ksilverwood4x@dot.gov,Female,63.135.185.70
179,Colman,Fowley,cfowley4y@ustream.tv,Male,23.249.113.230
180,Saundra,Dring,sdring4z@smugmug.com,Female,255.204.147.143
181,Lanita,Gostling,lgostling50@cbslocal.com,Female,167.226.146.41
182,Paquito,Puvia,ppuvia51@npr.org,Male,245.144.49.222
183,Kenny,Williamson,kwilliamson52@thetimes.co.uk,Male,210.241.155.152
184,Ivett,Barca,ibarca53@prlog.org,Female,3.166.221.104
185,Silvester,Lowman,slowman54@constantcontact.com,Male,12.115.172.37
186,Valaria,Ghirardi,vghirardi55@xrea.com,Female,251.108.252.195
187,Miguela,MacAdam,mmacadam56@nih.gov,Female,208.39.194.230
188,Lilias,Cicchillo,lcicchillo57@redcross.org,Female,138.24.159.163
189,Jabez,Furminger,jfurminger58@japanpost.jp,Male,224.120.129.61
190,Skippie,McCurry,smccurry59@printfriendly.com,Male,221.19.211.31
191,Bobbi,Eddisforth,beddisforth5a@hhs.gov,Female,16.117.58.171
192,Terry,Chatt,tchatt5b@infoseek.co.jp,Male,232.9.55.16
193,Estel,Haugen,ehaugen5c@foxnews.com,Female,191.172.137.219
194,Maren,Ibbotson,mibbotson5d@accuweather.com,Female,179.49.210.84
195,Ellene,Setterthwait,esetterthwait5e@aboutads.info,Female,112.164.50.37
196,Abdel,Stredwick,astredwick5f@pbs.org,Male,195.179.22.253
197,Bethany,Birchill,bbirchill5g@typepad.com,Female,142.28.255.78
198,Daron,Phoenix,dphoenix5h@yellowbook.com,Male,165.38.135.174
199,Eloise,Ouldcott,eouldcott5i@marketwatch.com,Female,226.167.115.151
200,Torie,Samme,tsamme5j@nature.com,Female,148.210.43.101
201,Bat,Beveredge,bbeveredge5k@free.fr,Male,192.19.132.42
202,Kalinda,Signe,ksigne5l@dropbox.com,Female,213.199.224.170
203,Gare,Dancer,gdancer5m@furl.net,Male,177.253.66.0
204,Burke,Perrin,bperrin5n@nyu.edu,Male,102.169.38.45
205,Hillie,Mattson,hmattson5o@spotify.com,Male,116.176.144.140
206,Paton,Eakins,peakins5p@hatena.ne.jp,Male,208.223.63.207
207,Lexie,Antonikov,lantonikov5q@economist.com,Female,194.123.19.244
208,Tomkin,Janzen,tjanzen5r@princeton.edu,Male,159.206.136.86
209,Cale,Boddymead,cboddymead5s@theglobeandmail.com,Male,100.48.175.211
210,Fletch,Toman,ftoman5t@amazonaws.com,Male,73.94.25.54
211,Patrice,Bevens,pbevens5u@e-recht24.de,Male,94.172.255.144
212,Hortensia,O' Faherty,hofaherty5v@google.it,Female,232.251.71.82
213,Igor,Gorke,igorke5w@a8.net,Male,58.69.100.3
214,Patricia,Czajkowski,pczajkowski5x@amazon.de,Female,100.108.17.138
215,Francisca,Fontel,ffontel5y@linkedin.com,Female,14.45.12.46
216,Justen,O'Carran,jocarran5z@ihg.com,Male,41.197.63.219
217,Missie,Musgrave,mmusgrave60@kickstarter.com,Female,197.89.48.31
218,Riccardo,Rehm,rrehm61@wiley.com,Male,158.128.179.18
219,Burton,Cramphorn,bcramphorn62@flickr.com,Male,113.129.31.153
220,Novelia,Pothecary,npothecary63@xing.com,Female,149.9.21.198
221,Jacquie,Papierz,jpapierz64@cloudflare.com,Female,36.13.241.194
222,Isacco,Lesser,ilesser65@google.co.jp,Male,157.17.215.173
223,Abbot,Axup,aaxup66@umich.edu,Male,94.1.15.95
224,Christian,Buffin,cbuffin67@behance.net,Female,14.144.189.240
225,Shena,Karys,skarys68@ezinearticles.com,Female,252.214.31.43
226,Ermengarde,McCabe,emccabe69@comsenz.com,Female,64.80.151.181
227,Fred,Necrews,fnecrews6a@yale.edu,Male,124.53.31.60
228,Willa,Edgar,wedgar6b@webeden.co.uk,Female,126.4.107.38
229,Gunilla,Rao,grao6c@yahoo.com,Female,227.35.133.205
230,Geraldine,Collecott,gcollecott6d@jigsy.com,Female,72.78.243.77
231,Gardie,Hardingham,ghardingham6e@ebay.co.uk,Male,55.127.205.180
232,Ruprecht,Blais,rblais6f@nyu.edu,Male,115.69.170.160
233,Remus,Brinkman,rbrinkman6g@wiley.com,Male,249.255.243.131
234,Shelton,Morot,smorot6h@pagesperso-orange.fr,Male,249.130.176.34
235,Steward,Chaplyn,schaplyn6i@imgur.com,Male,81.3.51.55
236,Dominick,Scarrisbrick,dscarrisbrick6j@smugmug.com,Male,75.251.153.209
237,Benjie,Guiducci,bguiducci6k@github.io,Male,60.224.36.89
238,Hewie,Dumphrey,hdumphrey6l@miibeian.gov.cn,Male,58.241.6.179
239,Kris,Warmisham,kwarmisham6m@fastcompany.com,Female,193.197.165.154
240,Susi,Camelin,scamelin6n@google.com.au,Female,158.9.200.12
241,Anneliese,Sadd,asadd6o@tiny.cc,Female,190.244.174.93
242,Mata,Faraker,mfaraker6p@mit.edu,Male,156.112.10.49
243,Antoine,Caret,acaret6q@wikispaces.com,Male,132.142.173.52
244,Winston,Blaxland,wblaxland6r@creativecommons.org,Male,106.61.117.102
245,Jeno,Gregol,jgregol6s@techcrunch.com,Male,99.142.188.177
246,Babbie,Dearing,bdearing6t@redcross.org,Female,212.33.44.84
247,Jerald,Daspar,jdaspar6u@webeden.co.uk,Male,44.0.247.71
248,Ardisj,Danielian,adanielian6v@mysql.com,Female,126.39.219.115
249,Gizela,Mugglestone,gmugglestone6w@scientificamerican.com,Female,13.86.147.170
250,Maggie,Denyakin,mdenyakin6x@drupal.org,Female,234.180.94.56
